[
	{
		"idcomentarios" : 1,
		"fecha" : "2021-12-15 14:39:02.128",
		"top_idtops" : 1,
		"usuario_iduser" : 6,
		"contenidocomentario" : "Muy buen Top"
	},
	{
		"idcomentarios" : 2,
		"fecha" : "2021-12-15 14:42:07.134",
		"top_idtops" : 1,
		"usuario_iduser" : 7,
		"contenidocomentario" : "Estupendo!!"
	},
	{
		"idcomentarios" : 3,
		"fecha" : "2021-12-15 14:51:04.116",
		"top_idtops" : 1,
		"usuario_iduser" : 8,
		"contenidocomentario" : "Estoy de acuerdo con la elección de Películas"
	},
	{
		"idcomentarios" : 4,
		"fecha" : "2021-12-15 14:39:02.128",
		"top_idtops" : 2,
		"usuario_iduser" : 6,
		"contenidocomentario" : "Muy buen Top"
	},
	{
		"idcomentarios" : 5,
		"fecha" : "2021-12-15 14:42:07.134",
		"top_idtops" : 2,
		"usuario_iduser" : 7,
		"contenidocomentario" : "Estupendo!!"
	},
	{
		"idcomentarios" : 6,
		"fecha" : "2021-12-15 14:51:04.116",
		"top_idtops" : 2,
		"usuario_iduser" : 8,
		"contenidocomentario" : "Estoy de acuerdo con la elección de Películas"
	},
	{
		"idcomentarios" : 7,
		"fecha" : "2021-12-15 14:39:02.128",
		"top_idtops" : 3,
		"usuario_iduser" : 6,
		"contenidocomentario" : "Muy buen Top"
	},
	{
		"idcomentarios" : 8,
		"fecha" : "2021-12-15 14:42:07.134",
		"top_idtops" : 3,
		"usuario_iduser" : 7,
		"contenidocomentario" : "Estupendo!!"
	},
	{
		"idcomentarios" : 9,
		"fecha" : "2021-12-15 14:51:04.116",
		"top_idtops" : 3,
		"usuario_iduser" : 8,
		"contenidocomentario" : "Estoy de acuerdo con la elección de Películas"
	},
	{
		"idcomentarios" : 10,
		"fecha" : "2021-12-15 14:39:02.128",
		"top_idtops" : 4,
		"usuario_iduser" : 6,
		"contenidocomentario" : "Muy buen Top"
	},
	{
		"idcomentarios" : 11,
		"fecha" : "2021-12-15 14:42:07.134",
		"top_idtops" : 4,
		"usuario_iduser" : 7,
		"contenidocomentario" : "Estupendo!!"
	},
	{
		"idcomentarios" : 12,
		"fecha" : "2021-12-15 14:51:04.116",
		"top_idtops" : 4,
		"usuario_iduser" : 8,
		"contenidocomentario" : "Estoy de acuerdo con la elección de Películas"
	},
	{
		"idcomentarios" : 13,
		"fecha" : "2021-12-15 14:39:02.128",
		"top_idtops" : 5,
		"usuario_iduser" : 6,
		"contenidocomentario" : "Muy buen Top"
	},
	{
		"idcomentarios" : 14,
		"fecha" : "2021-12-15 14:42:07.134",
		"top_idtops" : 5,
		"usuario_iduser" : 7,
		"contenidocomentario" : "Estupendo!!"
	},
	{
		"idcomentarios" : 15,
		"fecha" : "2021-12-15 14:51:04.116",
		"top_idtops" : 5,
		"usuario_iduser" : 8,
		"contenidocomentario" : "Estoy de acuerdo con la elección de Películas"
	},
	{
		"idcomentarios" : 16,
		"fecha" : "2021-12-15 14:39:02.128",
		"top_idtops" : 6,
		"usuario_iduser" : 6,
		"contenidocomentario" : "Muy buen Top"
	},
	{
		"idcomentarios" : 17,
		"fecha" : "2021-12-15 14:42:07.134",
		"top_idtops" : 6,
		"usuario_iduser" : 7,
		"contenidocomentario" : "Estupendo!!"
	},
	{
		"idcomentarios" : 18,
		"fecha" : "2021-12-15 14:51:04.116",
		"top_idtops" : 6,
		"usuario_iduser" : 8,
		"contenidocomentario" : "Estoy de acuerdo con la elección de Películas"
	},
	{
		"idcomentarios" : 19,
		"fecha" : "2021-12-15 14:39:02.128",
		"top_idtops" : 7,
		"usuario_iduser" : 6,
		"contenidocomentario" : "Muy buen Top"
	},
	{
		"idcomentarios" : 20,
		"fecha" : "2021-12-15 14:42:07.134",
		"top_idtops" : 7,
		"usuario_iduser" : 7,
		"contenidocomentario" : "Estupendo!!"
	},
	{
		"idcomentarios" : 21,
		"fecha" : "2021-12-15 14:51:04.116",
		"top_idtops" : 7,
		"usuario_iduser" : 8,
		"contenidocomentario" : "Estoy de acuerdo con la elección de Películas"
	},
	{
		"idcomentarios" : 22,
		"fecha" : "2021-12-15 14:39:02.128",
		"top_idtops" : 8,
		"usuario_iduser" : 6,
		"contenidocomentario" : "Muy buen Top"
	},
	{
		"idcomentarios" : 23,
		"fecha" : "2021-12-15 14:42:07.134",
		"top_idtops" : 8,
		"usuario_iduser" : 7,
		"contenidocomentario" : "Estupendo!!"
	},
	{
		"idcomentarios" : 24,
		"fecha" : "2021-12-15 14:51:04.116",
		"top_idtops" : 8,
		"usuario_iduser" : 8,
		"contenidocomentario" : "Estoy de acuerdo con la elección de Películas"
	},
	{
		"idcomentarios" : 25,
		"fecha" : "2021-12-15 14:39:02.128",
		"top_idtops" : 9,
		"usuario_iduser" : 6,
		"contenidocomentario" : "Muy buen Top"
	},
	{
		"idcomentarios" : 26,
		"fecha" : "2021-12-15 14:42:07.134",
		"top_idtops" : 9,
		"usuario_iduser" : 7,
		"contenidocomentario" : "Estupendo!!"
	},
	{
		"idcomentarios" : 27,
		"fecha" : "2021-12-15 14:51:04.116",
		"top_idtops" : 9,
		"usuario_iduser" : 8,
		"contenidocomentario" : "Estoy de acuerdo con la elección de Películas"
	},
	{
		"idcomentarios" : 28,
		"fecha" : "2021-12-15 14:39:02.128",
		"top_idtops" : 10,
		"usuario_iduser" : 6,
		"contenidocomentario" : "Muy buen Top"
	},
	{
		"idcomentarios" : 29,
		"fecha" : "2021-12-15 14:42:07.134",
		"top_idtops" : 10,
		"usuario_iduser" : 7,
		"contenidocomentario" : "Estupendo!!"
	},
	{
		"idcomentarios" : 30,
		"fecha" : "2021-12-15 14:51:04.116",
		"top_idtops" : 10,
		"usuario_iduser" : 8,
		"contenidocomentario" : "Estoy de acuerdo con la elección de Películas"
	},
	{
		"idcomentarios" : 31,
		"fecha" : "2021-12-15 14:39:02.128",
		"top_idtops" : 11,
		"usuario_iduser" : 6,
		"contenidocomentario" : "Muy buen Top"
	},
	{
		"idcomentarios" : 32,
		"fecha" : "2021-12-15 14:42:07.134",
		"top_idtops" : 11,
		"usuario_iduser" : 7,
		"contenidocomentario" : "Estupendo!!"
	},
	{
		"idcomentarios" : 33,
		"fecha" : "2021-12-15 14:51:04.116",
		"top_idtops" : 11,
		"usuario_iduser" : 8,
		"contenidocomentario" : "Estoy de acuerdo con la elección de Películas"
	},
	{
		"idcomentarios" : 34,
		"fecha" : "2021-12-15 14:39:02.128",
		"top_idtops" : 12,
		"usuario_iduser" : 6,
		"contenidocomentario" : "Muy buen Top"
	},
	{
		"idcomentarios" : 35,
		"fecha" : "2021-12-15 14:42:07.134",
		"top_idtops" : 12,
		"usuario_iduser" : 7,
		"contenidocomentario" : "Estupendo!!"
	},
	{
		"idcomentarios" : 36,
		"fecha" : "2021-12-15 14:51:04.116",
		"top_idtops" : 12,
		"usuario_iduser" : 8,
		"contenidocomentario" : "Estoy de acuerdo con la elección de Películas"
	},
	{
		"idcomentarios" : 37,
		"fecha" : "2021-12-15 14:39:02.128",
		"top_idtops" : 13,
		"usuario_iduser" : 6,
		"contenidocomentario" : "Muy buen Top"
	},
	{
		"idcomentarios" : 38,
		"fecha" : "2021-12-15 14:42:07.134",
		"top_idtops" : 13,
		"usuario_iduser" : 7,
		"contenidocomentario" : "Estupendo!!"
	},
	{
		"idcomentarios" : 39,
		"fecha" : "2021-12-15 14:51:04.116",
		"top_idtops" : 13,
		"usuario_iduser" : 8,
		"contenidocomentario" : "Estoy de acuerdo con la elección de Películas"
	},
	{
		"idcomentarios" : 40,
		"fecha" : "2021-12-15 14:39:02.128",
		"top_idtops" : 14,
		"usuario_iduser" : 6,
		"contenidocomentario" : "Muy buen Top"
	},
	{
		"idcomentarios" : 41,
		"fecha" : "2021-12-15 14:42:07.134",
		"top_idtops" : 14,
		"usuario_iduser" : 7,
		"contenidocomentario" : "Estupendo!!"
	},
	{
		"idcomentarios" : 42,
		"fecha" : "2021-12-15 14:51:04.116",
		"top_idtops" : 14,
		"usuario_iduser" : 8,
		"contenidocomentario" : "Estoy de acuerdo con la elección de Películas"
	},
	{
		"idcomentarios" : 43,
		"fecha" : "2021-12-15 14:39:02.128",
		"top_idtops" : 15,
		"usuario_iduser" : 6,
		"contenidocomentario" : "Muy buen Top"
	},
	{
		"idcomentarios" : 44,
		"fecha" : "2021-12-15 14:42:07.134",
		"top_idtops" : 15,
		"usuario_iduser" : 7,
		"contenidocomentario" : "Estupendo!!"
	},
	{
		"idcomentarios" : 45,
		"fecha" : "2021-12-15 14:51:04.116",
		"top_idtops" : 15,
		"usuario_iduser" : 8,
		"contenidocomentario" : "Estoy de acuerdo con la elección de Películas"
	},
	{
		"idcomentarios" : 46,
		"fecha" : "2021-12-15 14:39:02.128",
		"top_idtops" : 16,
		"usuario_iduser" : 6,
		"contenidocomentario" : "Muy buen Top"
	},
	{
		"idcomentarios" : 47,
		"fecha" : "2021-12-15 14:42:07.134",
		"top_idtops" : 16,
		"usuario_iduser" : 7,
		"contenidocomentario" : "Estupendo!!"
	},
	{
		"idcomentarios" : 48,
		"fecha" : "2021-12-15 14:51:04.116",
		"top_idtops" : 16,
		"usuario_iduser" : 8,
		"contenidocomentario" : "Estoy de acuerdo con la elección de Películas"
	},
	{
		"idcomentarios" : 49,
		"fecha" : "2021-12-15 14:39:02.128",
		"top_idtops" : 17,
		"usuario_iduser" : 6,
		"contenidocomentario" : "Muy buen Top"
	},
	{
		"idcomentarios" : 50,
		"fecha" : "2021-12-15 14:42:07.134",
		"top_idtops" : 17,
		"usuario_iduser" : 7,
		"contenidocomentario" : "Estupendo!!"
	},
	{
		"idcomentarios" : 51,
		"fecha" : "2021-12-15 14:51:04.116",
		"top_idtops" : 17,
		"usuario_iduser" : 8,
		"contenidocomentario" : "Estoy de acuerdo con la elección de Películas"
	},
	{
		"idcomentarios" : 52,
		"fecha" : "2021-12-15 14:39:02.128",
		"top_idtops" : 18,
		"usuario_iduser" : 6,
		"contenidocomentario" : "Muy buen Top"
	},
	{
		"idcomentarios" : 53,
		"fecha" : "2021-12-15 14:42:07.134",
		"top_idtops" : 18,
		"usuario_iduser" : 7,
		"contenidocomentario" : "Estupendo!!"
	},
	{
		"idcomentarios" : 54,
		"fecha" : "2021-12-15 14:51:04.116",
		"top_idtops" : 18,
		"usuario_iduser" : 8,
		"contenidocomentario" : "Estoy de acuerdo con la elección de Películas"
	},
	{
		"idcomentarios" : 55,
		"fecha" : "2021-12-15 14:39:02.128",
		"top_idtops" : 19,
		"usuario_iduser" : 6,
		"contenidocomentario" : "Muy buen Top"
	},
	{
		"idcomentarios" : 56,
		"fecha" : "2021-12-15 14:42:07.134",
		"top_idtops" : 19,
		"usuario_iduser" : 7,
		"contenidocomentario" : "Estupendo!!"
	},
	{
		"idcomentarios" : 57,
		"fecha" : "2021-12-15 14:51:04.116",
		"top_idtops" : 19,
		"usuario_iduser" : 8,
		"contenidocomentario" : "Estoy de acuerdo con la elección de Películas"
	},
	{
		"idcomentarios" : 58,
		"fecha" : "2021-12-15 14:39:02.128",
		"top_idtops" : 20,
		"usuario_iduser" : 6,
		"contenidocomentario" : "Muy buen Top"
	},
	{
		"idcomentarios" : 59,
		"fecha" : "2021-12-15 14:42:07.134",
		"top_idtops" : 20,
		"usuario_iduser" : 7,
		"contenidocomentario" : "Estupendo!!"
	},
	{
		"idcomentarios" : 60,
		"fecha" : "2021-12-15 14:51:04.116",
		"top_idtops" : 20,
		"usuario_iduser" : 8,
		"contenidocomentario" : "Estoy de acuerdo con la elección de Películas"
	},
	{
		"idcomentarios" : 61,
		"fecha" : "2021-12-15 14:39:02.128",
		"top_idtops" : 21,
		"usuario_iduser" : 6,
		"contenidocomentario" : "Muy buen Top"
	},
	{
		"idcomentarios" : 62,
		"fecha" : "2021-12-15 14:42:07.134",
		"top_idtops" : 21,
		"usuario_iduser" : 7,
		"contenidocomentario" : "Estupendo!!"
	},
	{
		"idcomentarios" : 63,
		"fecha" : "2021-12-15 14:51:04.116",
		"top_idtops" : 21,
		"usuario_iduser" : 8,
		"contenidocomentario" : "Estoy de acuerdo con la elección de Películas"
	},
	{
		"idcomentarios" : 64,
		"fecha" : "2021-12-15 14:39:02.128",
		"top_idtops" : 22,
		"usuario_iduser" : 6,
		"contenidocomentario" : "Muy buen Top"
	},
	{
		"idcomentarios" : 65,
		"fecha" : "2021-12-15 14:42:07.134",
		"top_idtops" : 22,
		"usuario_iduser" : 7,
		"contenidocomentario" : "Estupendo!!"
	},
	{
		"idcomentarios" : 66,
		"fecha" : "2021-12-15 14:51:04.116",
		"top_idtops" : 22,
		"usuario_iduser" : 8,
		"contenidocomentario" : "Estoy de acuerdo con la elección de Películas"
	},
	{
		"idcomentarios" : 67,
		"fecha" : "2021-12-15 14:39:02.128",
		"top_idtops" : 23,
		"usuario_iduser" : 6,
		"contenidocomentario" : "Muy buen Top"
	},
	{
		"idcomentarios" : 68,
		"fecha" : "2021-12-15 14:42:07.134",
		"top_idtops" : 23,
		"usuario_iduser" : 7,
		"contenidocomentario" : "Estupendo!!"
	},
	{
		"idcomentarios" : 69,
		"fecha" : "2021-12-15 14:51:04.116",
		"top_idtops" : 23,
		"usuario_iduser" : 8,
		"contenidocomentario" : "Estoy de acuerdo con la elección de Películas"
	},
	{
		"idcomentarios" : 70,
		"fecha" : "2021-12-15 14:39:02.128",
		"top_idtops" : 24,
		"usuario_iduser" : 6,
		"contenidocomentario" : "Muy buen Top"
	},
	{
		"idcomentarios" : 71,
		"fecha" : "2021-12-15 14:42:07.134",
		"top_idtops" : 24,
		"usuario_iduser" : 7,
		"contenidocomentario" : "Estupendo!!"
	},
	{
		"idcomentarios" : 72,
		"fecha" : "2021-12-15 14:51:04.116",
		"top_idtops" : 24,
		"usuario_iduser" : 8,
		"contenidocomentario" : "Estoy de acuerdo con la elección de Películas"
	},
	{
		"idcomentarios" : 73,
		"fecha" : "2021-12-15 14:39:02.128",
		"top_idtops" : 25,
		"usuario_iduser" : 6,
		"contenidocomentario" : "Muy buen Top"
	},
	{
		"idcomentarios" : 74,
		"fecha" : "2021-12-15 14:42:07.134",
		"top_idtops" : 25,
		"usuario_iduser" : 7,
		"contenidocomentario" : "Estupendo!!"
	},
	{
		"idcomentarios" : 75,
		"fecha" : "2021-12-15 14:51:04.116",
		"top_idtops" : 25,
		"usuario_iduser" : 8,
		"contenidocomentario" : "Estoy de acuerdo con la elección de Películas"
	},
	{
		"idcomentarios" : 76,
		"fecha" : "2021-12-15 14:39:02.128",
		"top_idtops" : 26,
		"usuario_iduser" : 6,
		"contenidocomentario" : "Muy buen Top"
	},
	{
		"idcomentarios" : 77,
		"fecha" : "2021-12-15 14:42:07.134",
		"top_idtops" : 26,
		"usuario_iduser" : 7,
		"contenidocomentario" : "Estupendo!!"
	},
	{
		"idcomentarios" : 78,
		"fecha" : "2021-12-15 14:51:04.116",
		"top_idtops" : 26,
		"usuario_iduser" : 8,
		"contenidocomentario" : "Estoy de acuerdo con la elección de Películas"
	},
	{
		"idcomentarios" : 79,
		"fecha" : "2021-12-15 14:39:02.128",
		"top_idtops" : 27,
		"usuario_iduser" : 6,
		"contenidocomentario" : "Muy buen Top"
	},
	{
		"idcomentarios" : 80,
		"fecha" : "2021-12-15 14:42:07.134",
		"top_idtops" : 27,
		"usuario_iduser" : 7,
		"contenidocomentario" : "Estupendo!!"
	},
	{
		"idcomentarios" : 81,
		"fecha" : "2021-12-15 14:51:04.116",
		"top_idtops" : 27,
		"usuario_iduser" : 8,
		"contenidocomentario" : "Estoy de acuerdo con la elección de Películas"
	},
	{
		"idcomentarios" : 82,
		"fecha" : "2021-12-15 14:39:02.128",
		"top_idtops" : 28,
		"usuario_iduser" : 6,
		"contenidocomentario" : "Muy buen Top"
	},
	{
		"idcomentarios" : 83,
		"fecha" : "2021-12-15 14:42:07.134",
		"top_idtops" : 28,
		"usuario_iduser" : 7,
		"contenidocomentario" : "Estupendo!!"
	},
	{
		"idcomentarios" : 84,
		"fecha" : "2021-12-15 14:51:04.116",
		"top_idtops" : 28,
		"usuario_iduser" : 8,
		"contenidocomentario" : "Estoy de acuerdo con la elección de Películas"
	},
	{
		"idcomentarios" : 85,
		"fecha" : "2021-12-15 14:39:02.128",
		"top_idtops" : 29,
		"usuario_iduser" : 6,
		"contenidocomentario" : "Muy buen Top"
	},
	{
		"idcomentarios" : 86,
		"fecha" : "2021-12-15 14:42:07.134",
		"top_idtops" : 29,
		"usuario_iduser" : 7,
		"contenidocomentario" : "Estupendo!!"
	},
	{
		"idcomentarios" : 87,
		"fecha" : "2021-12-15 14:51:04.116",
		"top_idtops" : 29,
		"usuario_iduser" : 8,
		"contenidocomentario" : "Estoy de acuerdo con la elección de Películas"
	},
	{
		"idcomentarios" : 88,
		"fecha" : "2021-12-15 14:39:02.128",
		"top_idtops" : 30,
		"usuario_iduser" : 6,
		"contenidocomentario" : "Muy buen Top"
	},
	{
		"idcomentarios" : 89,
		"fecha" : "2021-12-15 14:42:07.134",
		"top_idtops" : 30,
		"usuario_iduser" : 7,
		"contenidocomentario" : "Estupendo!!"
	},
	{
		"idcomentarios" : 90,
		"fecha" : "2021-12-15 14:51:04.116",
		"top_idtops" : 30,
		"usuario_iduser" : 8,
		"contenidocomentario" : "Estoy de acuerdo con la elección de Películas"
	},
	{
		"idcomentarios" : 91,
		"fecha" : "2021-12-15 14:39:02.128",
		"top_idtops" : 31,
		"usuario_iduser" : 6,
		"contenidocomentario" : "Muy buen Top"
	},
	{
		"idcomentarios" : 92,
		"fecha" : "2021-12-15 14:42:07.134",
		"top_idtops" : 31,
		"usuario_iduser" : 7,
		"contenidocomentario" : "Estupendo!!"
	},
	{
		"idcomentarios" : 93,
		"fecha" : "2021-12-15 14:51:04.116",
		"top_idtops" : 31,
		"usuario_iduser" : 8,
		"contenidocomentario" : "Estoy de acuerdo con la elección de Películas"
	},
	{
		"idcomentarios" : 94,
		"fecha" : "2021-12-15 14:39:02.128",
		"top_idtops" : 32,
		"usuario_iduser" : 6,
		"contenidocomentario" : "Muy buen Top"
	},
	{
		"idcomentarios" : 95,
		"fecha" : "2021-12-15 14:42:07.134",
		"top_idtops" : 32,
		"usuario_iduser" : 7,
		"contenidocomentario" : "Estupendo!!"
	},
	{
		"idcomentarios" : 96,
		"fecha" : "2021-12-15 14:51:04.116",
		"top_idtops" : 32,
		"usuario_iduser" : 8,
		"contenidocomentario" : "Estoy de acuerdo con la elección de Películas"
	},
	{
		"idcomentarios" : 97,
		"fecha" : "2021-12-15 14:39:02.128",
		"top_idtops" : 33,
		"usuario_iduser" : 6,
		"contenidocomentario" : "Muy buen Top"
	},
	{
		"idcomentarios" : 98,
		"fecha" : "2021-12-15 14:42:07.134",
		"top_idtops" : 33,
		"usuario_iduser" : 7,
		"contenidocomentario" : "Estupendo!!"
	},
	{
		"idcomentarios" : 99,
		"fecha" : "2021-12-15 14:51:04.116",
		"top_idtops" : 33,
		"usuario_iduser" : 8,
		"contenidocomentario" : "Estoy de acuerdo con la elección de Películas"
	},
	{
		"idcomentarios" : 100,
		"fecha" : "2021-12-15 14:39:02.128",
		"top_idtops" : 34,
		"usuario_iduser" : 6,
		"contenidocomentario" : "Muy buen Top"
	},
	{
		"idcomentarios" : 101,
		"fecha" : "2021-12-15 14:42:07.134",
		"top_idtops" : 34,
		"usuario_iduser" : 7,
		"contenidocomentario" : "Estupendo!!"
	},
	{
		"idcomentarios" : 102,
		"fecha" : "2021-12-15 14:51:04.116",
		"top_idtops" : 34,
		"usuario_iduser" : 8,
		"contenidocomentario" : "Estoy de acuerdo con la elección de Películas"
	},
	{
		"idcomentarios" : 103,
		"fecha" : "2021-12-15 14:39:02.128",
		"top_idtops" : 35,
		"usuario_iduser" : 6,
		"contenidocomentario" : "Muy buen Top"
	},
	{
		"idcomentarios" : 104,
		"fecha" : "2021-12-15 14:42:07.134",
		"top_idtops" : 35,
		"usuario_iduser" : 7,
		"contenidocomentario" : "Estupendo!!"
	},
	{
		"idcomentarios" : 105,
		"fecha" : "2021-12-15 14:51:04.116",
		"top_idtops" : 35,
		"usuario_iduser" : 8,
		"contenidocomentario" : "Estoy de acuerdo con la elección de Películas"
	},
	{
		"idcomentarios" : 106,
		"fecha" : "2021-12-15 14:39:02.128",
		"top_idtops" : 36,
		"usuario_iduser" : 6,
		"contenidocomentario" : "Muy buen Top"
	},
	{
		"idcomentarios" : 107,
		"fecha" : "2021-12-15 14:42:07.134",
		"top_idtops" : 36,
		"usuario_iduser" : 7,
		"contenidocomentario" : "Estupendo!!"
	},
	{
		"idcomentarios" : 108,
		"fecha" : "2021-12-15 14:51:04.116",
		"top_idtops" : 36,
		"usuario_iduser" : 8,
		"contenidocomentario" : "Estoy de acuerdo con la elección de Películas"
	},
	{
		"idcomentarios" : 112,
		"fecha" : "2021-12-15 14:39:02.128",
		"top_idtops" : 38,
		"usuario_iduser" : 6,
		"contenidocomentario" : "Muy buen Top"
	},
	{
		"idcomentarios" : 113,
		"fecha" : "2021-12-15 14:42:07.134",
		"top_idtops" : 38,
		"usuario_iduser" : 7,
		"contenidocomentario" : "Estupendo!!"
	},
	{
		"idcomentarios" : 114,
		"fecha" : "2021-12-15 14:51:04.116",
		"top_idtops" : 38,
		"usuario_iduser" : 8,
		"contenidocomentario" : "Estoy de acuerdo con la elección de Películas"
	},
	{
		"idcomentarios" : 115,
		"fecha" : "2021-12-15 14:39:02.128",
		"top_idtops" : 39,
		"usuario_iduser" : 6,
		"contenidocomentario" : "Muy buen Top"
	},
	{
		"idcomentarios" : 116,
		"fecha" : "2021-12-15 14:42:07.134",
		"top_idtops" : 39,
		"usuario_iduser" : 7,
		"contenidocomentario" : "Estupendo!!"
	},
	{
		"idcomentarios" : 117,
		"fecha" : "2021-12-15 14:51:04.116",
		"top_idtops" : 39,
		"usuario_iduser" : 8,
		"contenidocomentario" : "Estoy de acuerdo con la elección de Películas"
	},
	{
		"idcomentarios" : 118,
		"fecha" : "2021-12-15 14:39:02.128",
		"top_idtops" : 40,
		"usuario_iduser" : 6,
		"contenidocomentario" : "Muy buen Top"
	},
	{
		"idcomentarios" : 119,
		"fecha" : "2021-12-15 14:42:07.134",
		"top_idtops" : 40,
		"usuario_iduser" : 7,
		"contenidocomentario" : "Estupendo!!"
	},
	{
		"idcomentarios" : 120,
		"fecha" : "2021-12-15 14:51:04.116",
		"top_idtops" : 40,
		"usuario_iduser" : 8,
		"contenidocomentario" : "Estoy de acuerdo con la elección de Películas"
	}
]
