[
	{
		"idgenero" : 1,
		"genero" : "Accion",
		"descripcion" : "Peliculas de Accion"
	},
	{
		"idgenero" : 2,
		"genero" : "Aventuras",
		"descripcion" : "Peliculas de aventuras"
	},
	{
		"idgenero" : 3,
		"genero" : "Romanticas",
		"descripcion" : "Peliculas de Amor"
	},
	{
		"idgenero" : 4,
		"genero" : "Comedia",
		"descripcion" : "Peliculas humoristicas"
	},
	{
		"idgenero" : 5,
		"genero" : "Drama",
		"descripcion" : "Peliculas dramaticas"
	},
	{
		"idgenero" : 6,
		"genero" : "Terror",
		"descripcion" : "Peliculas de miedo"
	},
	{
		"idgenero" : 7,
		"genero" : "Ciencia Ficcion",
		"descripcion" : "Peliculas de fantasia"
	},
	{
		"idgenero" : 8,
		"genero" : "Musical",
		"descripcion" : "Peliculas musicales"
	},
	{
		"idgenero" : 9,
		"genero" : "Suspense",
		"descripcion" : "Peliculas de suspense"
	}
]
