[
	{
		"idpeliculas" : 1,
		"titulo" : "Arma Letal",
		"anyo" : 1987,
		"descripcionpersonal" : "La mejor peli de accion de todos los tiempos",
		"enlace" : null,
		"top_idtops" : 1
	},
	{
		"idpeliculas" : 2,
		"titulo" : "Jungla de Cristal",
		"anyo" : 1989,
		"descripcionpersonal" : "Una gran peli de acción y espectacular interpretación de Bruce Willis",
		"enlace" : null,
		"top_idtops" : 1
	},
	{
		"idpeliculas" : 3,
		"titulo" : "Robocop",
		"anyo" : 1988,
		"descripcionpersonal" : "Una vision muy futurista para la época",
		"enlace" : null,
		"top_idtops" : 1
	},
	{
		"idpeliculas" : 4,
		"titulo" : "Predator",
		"anyo" : 1987,
		"descripcionpersonal" : "El inicio de una de las mejores sagas de acción",
		"enlace" : null,
		"top_idtops" : 1
	},
	{
		"idpeliculas" : 5,
		"titulo" : "Terminator 2",
		"anyo" : 1991,
		"descripcionpersonal" : "La mejor de la saga terminator",
		"enlace" : null,
		"top_idtops" : 1
	},
	{
		"idpeliculas" : 6,
		"titulo" : "Arma Letal",
		"anyo" : 1987,
		"descripcionpersonal" : "La mejor peli de accion de todos los tiempos",
		"enlace" : null,
		"top_idtops" : 12
	},
	{
		"idpeliculas" : 7,
		"titulo" : "Jungla de Cristal",
		"anyo" : 1989,
		"descripcionpersonal" : "Una gran peli de acción y espectacular interpretación de Bruce Willis",
		"enlace" : null,
		"top_idtops" : 12
	},
	{
		"idpeliculas" : 8,
		"titulo" : "Robocop",
		"anyo" : 1988,
		"descripcionpersonal" : "Una vision muy futurista para la época",
		"enlace" : null,
		"top_idtops" : 12
	},
	{
		"idpeliculas" : 9,
		"titulo" : "Predator",
		"anyo" : 1987,
		"descripcionpersonal" : "El inicio de una de las mejores sagas de acción",
		"enlace" : null,
		"top_idtops" : 12
	},
	{
		"idpeliculas" : 10,
		"titulo" : "Terminator 2",
		"anyo" : 1991,
		"descripcionpersonal" : "La mejor de la saga terminator",
		"enlace" : null,
		"top_idtops" : 12
	},
	{
		"idpeliculas" : 11,
		"titulo" : "Arma Letal",
		"anyo" : 1987,
		"descripcionpersonal" : "La mejor peli de accion de todos los tiempos",
		"enlace" : null,
		"top_idtops" : 13
	},
	{
		"idpeliculas" : 12,
		"titulo" : "Jungla de Cristal",
		"anyo" : 1989,
		"descripcionpersonal" : "Una gran peli de acción y espectacular interpretación de Bruce Willis",
		"enlace" : null,
		"top_idtops" : 13
	},
	{
		"idpeliculas" : 13,
		"titulo" : "Robocop",
		"anyo" : 1988,
		"descripcionpersonal" : "Una vision muy futurista para la época",
		"enlace" : null,
		"top_idtops" : 13
	},
	{
		"idpeliculas" : 14,
		"titulo" : "Predator",
		"anyo" : 1987,
		"descripcionpersonal" : "El inicio de una de las mejores sagas de acción",
		"enlace" : null,
		"top_idtops" : 13
	},
	{
		"idpeliculas" : 15,
		"titulo" : "Terminator 2",
		"anyo" : 1991,
		"descripcionpersonal" : "La mejor de la saga terminator",
		"enlace" : null,
		"top_idtops" : 13
	},
	{
		"idpeliculas" : 16,
		"titulo" : "Arma Letal",
		"anyo" : 1987,
		"descripcionpersonal" : "La mejor peli de accion de todos los tiempos",
		"enlace" : null,
		"top_idtops" : 22
	},
	{
		"idpeliculas" : 17,
		"titulo" : "Jungla de Cristal",
		"anyo" : 1989,
		"descripcionpersonal" : "Una gran peli de acción y espectacular interpretación de Bruce Willis",
		"enlace" : null,
		"top_idtops" : 22
	},
	{
		"idpeliculas" : 18,
		"titulo" : "Robocop",
		"anyo" : 1988,
		"descripcionpersonal" : "Una vision muy futurista para la época",
		"enlace" : null,
		"top_idtops" : 22
	},
	{
		"idpeliculas" : 19,
		"titulo" : "Predator",
		"anyo" : 1987,
		"descripcionpersonal" : "El inicio de una de las mejores sagas de acción",
		"enlace" : null,
		"top_idtops" : 22
	},
	{
		"idpeliculas" : 20,
		"titulo" : "Terminator 2",
		"anyo" : 1991,
		"descripcionpersonal" : "La mejor de la saga terminator",
		"enlace" : null,
		"top_idtops" : 22
	},
	{
		"idpeliculas" : 21,
		"titulo" : "Arma Letal",
		"anyo" : 1987,
		"descripcionpersonal" : "La mejor peli de accion de todos los tiempos",
		"enlace" : null,
		"top_idtops" : 31
	},
	{
		"idpeliculas" : 22,
		"titulo" : "Jungla de Cristal",
		"anyo" : 1989,
		"descripcionpersonal" : "Una gran peli de acción y espectacular interpretación de Bruce Willis",
		"enlace" : null,
		"top_idtops" : 31
	},
	{
		"idpeliculas" : 23,
		"titulo" : "Robocop",
		"anyo" : 1988,
		"descripcionpersonal" : "Una vision muy futurista para la época",
		"enlace" : null,
		"top_idtops" : 31
	},
	{
		"idpeliculas" : 24,
		"titulo" : "Predator",
		"anyo" : 1987,
		"descripcionpersonal" : "El inicio de una de las mejores sagas de acción",
		"enlace" : null,
		"top_idtops" : 31
	},
	{
		"idpeliculas" : 25,
		"titulo" : "Terminator 2",
		"anyo" : 1991,
		"descripcionpersonal" : "La mejor de la saga terminator",
		"enlace" : null,
		"top_idtops" : 31
	},
	{
		"idpeliculas" : 26,
		"titulo" : "Arma Letal",
		"anyo" : 1987,
		"descripcionpersonal" : "La mejor peli de accion de todos los tiempos",
		"enlace" : null,
		"top_idtops" : 40
	},
	{
		"idpeliculas" : 27,
		"titulo" : "Jungla de Cristal",
		"anyo" : 1989,
		"descripcionpersonal" : "Una gran peli de acción y espectacular interpretación de Bruce Willis",
		"enlace" : null,
		"top_idtops" : 40
	},
	{
		"idpeliculas" : 28,
		"titulo" : "Robocop",
		"anyo" : 1988,
		"descripcionpersonal" : "Una vision muy futurista para la época",
		"enlace" : null,
		"top_idtops" : 40
	},
	{
		"idpeliculas" : 29,
		"titulo" : "Predator",
		"anyo" : 1987,
		"descripcionpersonal" : "El inicio de una de las mejores sagas de acción",
		"enlace" : null,
		"top_idtops" : 40
	},
	{
		"idpeliculas" : 30,
		"titulo" : "Terminator 2",
		"anyo" : 1991,
		"descripcionpersonal" : "La mejor de la saga terminator",
		"enlace" : null,
		"top_idtops" : 40
	},
	{
		"idpeliculas" : 36,
		"titulo" : "En Busca del Arca Perdida",
		"anyo" : 1981,
		"descripcionpersonal" : "Espectacular ",
		"enlace" : null,
		"top_idtops" : 4
	},
	{
		"idpeliculas" : 37,
		"titulo" : "Indiana Jones y el Templo Maldito",
		"anyo" : 1984,
		"descripcionpersonal" : "Me encanto Harrison Ford",
		"enlace" : null,
		"top_idtops" : 4
	},
	{
		"idpeliculas" : 38,
		"titulo" : "La momia",
		"anyo" : 1999,
		"descripcionpersonal" : "Muy innovador para la época",
		"enlace" : null,
		"top_idtops" : 4
	},
	{
		"idpeliculas" : 39,
		"titulo" : "Parque Jurásico",
		"anyo" : 1993,
		"descripcionpersonal" : "Los mejores efectos especiales sin duda",
		"enlace" : null,
		"top_idtops" : 4
	},
	{
		"idpeliculas" : 40,
		"titulo" : "Piratas del Caribe: La maldición de la Perla Negra",
		"anyo" : 2003,
		"descripcionpersonal" : "Temática impresionante y espectacular banda sonora",
		"enlace" : null,
		"top_idtops" : 4
	},
	{
		"idpeliculas" : 41,
		"titulo" : "En Busca del Arca Perdida",
		"anyo" : 1981,
		"descripcionpersonal" : "Espectacular ",
		"enlace" : null,
		"top_idtops" : 14
	},
	{
		"idpeliculas" : 42,
		"titulo" : "Indiana Jones y el Templo Maldito",
		"anyo" : 1984,
		"descripcionpersonal" : "Me encanto Harrison Ford",
		"enlace" : null,
		"top_idtops" : 14
	},
	{
		"idpeliculas" : 43,
		"titulo" : "La momia",
		"anyo" : 1999,
		"descripcionpersonal" : "Muy innovador para la época",
		"enlace" : null,
		"top_idtops" : 14
	},
	{
		"idpeliculas" : 44,
		"titulo" : "Parque Jurásico",
		"anyo" : 1993,
		"descripcionpersonal" : "Los mejores efectos especiales sin duda",
		"enlace" : null,
		"top_idtops" : 14
	},
	{
		"idpeliculas" : 45,
		"titulo" : "Piratas del Caribe: La maldición de la Perla Negra",
		"anyo" : 2003,
		"descripcionpersonal" : "Temática impresionante y espectacular banda sonora",
		"enlace" : null,
		"top_idtops" : 14
	},
	{
		"idpeliculas" : 46,
		"titulo" : "En Busca del Arca Perdida",
		"anyo" : 1981,
		"descripcionpersonal" : "Espectacular ",
		"enlace" : null,
		"top_idtops" : 23
	},
	{
		"idpeliculas" : 47,
		"titulo" : "Indiana Jones y el Templo Maldito",
		"anyo" : 1984,
		"descripcionpersonal" : "Me encanto Harrison Ford",
		"enlace" : null,
		"top_idtops" : 23
	},
	{
		"idpeliculas" : 48,
		"titulo" : "La momia",
		"anyo" : 1999,
		"descripcionpersonal" : "Muy innovador para la época",
		"enlace" : null,
		"top_idtops" : 23
	},
	{
		"idpeliculas" : 49,
		"titulo" : "Parque Jurásico",
		"anyo" : 1993,
		"descripcionpersonal" : "Los mejores efectos especiales sin duda",
		"enlace" : null,
		"top_idtops" : 23
	},
	{
		"idpeliculas" : 50,
		"titulo" : "Piratas del Caribe: La maldición de la Perla Negra",
		"anyo" : 2003,
		"descripcionpersonal" : "Temática impresionante y espectacular banda sonora",
		"enlace" : null,
		"top_idtops" : 23
	},
	{
		"idpeliculas" : 51,
		"titulo" : "En Busca del Arca Perdida",
		"anyo" : 1981,
		"descripcionpersonal" : "Espectacular ",
		"enlace" : null,
		"top_idtops" : 32
	},
	{
		"idpeliculas" : 52,
		"titulo" : "Indiana Jones y el Templo Maldito",
		"anyo" : 1984,
		"descripcionpersonal" : "Me encanto Harrison Ford",
		"enlace" : null,
		"top_idtops" : 32
	},
	{
		"idpeliculas" : 53,
		"titulo" : "La momia",
		"anyo" : 1999,
		"descripcionpersonal" : "Muy innovador para la época",
		"enlace" : null,
		"top_idtops" : 32
	},
	{
		"idpeliculas" : 54,
		"titulo" : "Parque Jurásico",
		"anyo" : 1993,
		"descripcionpersonal" : "Los mejores efectos especiales sin duda",
		"enlace" : null,
		"top_idtops" : 32
	},
	{
		"idpeliculas" : 55,
		"titulo" : "Piratas del Caribe: La maldición de la Perla Negra",
		"anyo" : 2003,
		"descripcionpersonal" : "Temática impresionante y espectacular banda sonora",
		"enlace" : null,
		"top_idtops" : 32
	},
	{
		"idpeliculas" : 71,
		"titulo" : "Titanic",
		"anyo" : 1998,
		"descripcionpersonal" : "Impresionante DiCaprio",
		"enlace" : null,
		"top_idtops" : 3
	},
	{
		"idpeliculas" : 72,
		"titulo" : "Call me by your Name",
		"anyo" : 2017,
		"descripcionpersonal" : "Innovadora",
		"enlace" : null,
		"top_idtops" : 3
	},
	{
		"idpeliculas" : 73,
		"titulo" : "Dirty Dancing",
		"anyo" : 1987,
		"descripcionpersonal" : "Impresionante Montaje",
		"enlace" : null,
		"top_idtops" : 3
	},
	{
		"idpeliculas" : 74,
		"titulo" : "Notting Hill",
		"anyo" : 1999,
		"descripcionpersonal" : "Me encanto Julia Roberts",
		"enlace" : null,
		"top_idtops" : 3
	},
	{
		"idpeliculas" : 75,
		"titulo" : "El diario de Noah",
		"anyo" : 2004,
		"descripcionpersonal" : "Sin duda merece estar en el Top5 de las mejores",
		"enlace" : null,
		"top_idtops" : 3
	},
	{
		"idpeliculas" : 76,
		"titulo" : "Titanic",
		"anyo" : 1998,
		"descripcionpersonal" : "Impresionante DiCaprio",
		"enlace" : null,
		"top_idtops" : 5
	},
	{
		"idpeliculas" : 77,
		"titulo" : "Call me by your Name",
		"anyo" : 2017,
		"descripcionpersonal" : "Innovadora",
		"enlace" : null,
		"top_idtops" : 5
	},
	{
		"idpeliculas" : 78,
		"titulo" : "Dirty Dancing",
		"anyo" : 1987,
		"descripcionpersonal" : "Impresionante Montaje",
		"enlace" : null,
		"top_idtops" : 5
	},
	{
		"idpeliculas" : 79,
		"titulo" : "Notting Hill",
		"anyo" : 1999,
		"descripcionpersonal" : "Me encanto Julia Roberts",
		"enlace" : null,
		"top_idtops" : 5
	},
	{
		"idpeliculas" : 80,
		"titulo" : "El diario de Noah",
		"anyo" : 2004,
		"descripcionpersonal" : "Sin duda merece estar en el Top5 de las mejores",
		"enlace" : null,
		"top_idtops" : 5
	},
	{
		"idpeliculas" : 81,
		"titulo" : "Titanic",
		"anyo" : 1998,
		"descripcionpersonal" : "Impresionante DiCaprio",
		"enlace" : null,
		"top_idtops" : 15
	},
	{
		"idpeliculas" : 82,
		"titulo" : "Call me by your Name",
		"anyo" : 2017,
		"descripcionpersonal" : "Innovadora",
		"enlace" : null,
		"top_idtops" : 15
	},
	{
		"idpeliculas" : 83,
		"titulo" : "Dirty Dancing",
		"anyo" : 1987,
		"descripcionpersonal" : "Impresionante Montaje",
		"enlace" : null,
		"top_idtops" : 15
	},
	{
		"idpeliculas" : 84,
		"titulo" : "Notting Hill",
		"anyo" : 1999,
		"descripcionpersonal" : "Me encanto Julia Roberts",
		"enlace" : null,
		"top_idtops" : 15
	},
	{
		"idpeliculas" : 85,
		"titulo" : "El diario de Noah",
		"anyo" : 2004,
		"descripcionpersonal" : "Sin duda merece estar en el Top5 de las mejores",
		"enlace" : null,
		"top_idtops" : 15
	},
	{
		"idpeliculas" : 86,
		"titulo" : "Titanic",
		"anyo" : 1998,
		"descripcionpersonal" : "Impresionante DiCaprio",
		"enlace" : null,
		"top_idtops" : 24
	},
	{
		"idpeliculas" : 87,
		"titulo" : "Call me by your Name",
		"anyo" : 2017,
		"descripcionpersonal" : "Innovadora",
		"enlace" : null,
		"top_idtops" : 24
	},
	{
		"idpeliculas" : 88,
		"titulo" : "Dirty Dancing",
		"anyo" : 1987,
		"descripcionpersonal" : "Impresionante Montaje",
		"enlace" : null,
		"top_idtops" : 24
	},
	{
		"idpeliculas" : 89,
		"titulo" : "Notting Hill",
		"anyo" : 1999,
		"descripcionpersonal" : "Me encanto Julia Roberts",
		"enlace" : null,
		"top_idtops" : 24
	},
	{
		"idpeliculas" : 90,
		"titulo" : "El diario de Noah",
		"anyo" : 2004,
		"descripcionpersonal" : "Sin duda merece estar en el Top5 de las mejores",
		"enlace" : null,
		"top_idtops" : 24
	},
	{
		"idpeliculas" : 91,
		"titulo" : "Titanic",
		"anyo" : 1998,
		"descripcionpersonal" : "Impresionante DiCaprio",
		"enlace" : null,
		"top_idtops" : 33
	},
	{
		"idpeliculas" : 92,
		"titulo" : "Call me by your Name",
		"anyo" : 2017,
		"descripcionpersonal" : "Innovadora",
		"enlace" : null,
		"top_idtops" : 33
	},
	{
		"idpeliculas" : 93,
		"titulo" : "Dirty Dancing",
		"anyo" : 1987,
		"descripcionpersonal" : "Impresionante Montaje",
		"enlace" : null,
		"top_idtops" : 33
	},
	{
		"idpeliculas" : 94,
		"titulo" : "Notting Hill",
		"anyo" : 1999,
		"descripcionpersonal" : "Me encanto Julia Roberts",
		"enlace" : null,
		"top_idtops" : 33
	},
	{
		"idpeliculas" : 95,
		"titulo" : "El diario de Noah",
		"anyo" : 2004,
		"descripcionpersonal" : "Sin duda merece estar en el Top5 de las mejores",
		"enlace" : null,
		"top_idtops" : 33
	},
	{
		"idpeliculas" : 106,
		"titulo" : "Borat",
		"anyo" : 2006,
		"descripcionpersonal" : "Me partí de risa",
		"enlace" : null,
		"top_idtops" : 6
	},
	{
		"idpeliculas" : 107,
		"titulo" : "La vida de Brian",
		"anyo" : 1979,
		"descripcionpersonal" : "Muy graciosa y original",
		"enlace" : null,
		"top_idtops" : 6
	},
	{
		"idpeliculas" : 108,
		"titulo" : "Scary Movie 2",
		"anyo" : 2001,
		"descripcionpersonal" : "La mejor de la saga",
		"enlace" : null,
		"top_idtops" : 6
	},
	{
		"idpeliculas" : 109,
		"titulo" : "American Pie Band Camp",
		"anyo" : 2005,
		"descripcionpersonal" : "La mejor Pelicula de American Pie , muy graciosa",
		"enlace" : null,
		"top_idtops" : 6
	},
	{
		"idpeliculas" : 110,
		"titulo" : "Scary Movie",
		"anyo" : 2000,
		"descripcionpersonal" : "Buenisima",
		"enlace" : null,
		"top_idtops" : 6
	},
	{
		"idpeliculas" : 111,
		"titulo" : "Borat",
		"anyo" : 2006,
		"descripcionpersonal" : "Me partí de risa",
		"enlace" : null,
		"top_idtops" : 16
	},
	{
		"idpeliculas" : 112,
		"titulo" : "La vida de Brian",
		"anyo" : 1979,
		"descripcionpersonal" : "Muy graciosa y original",
		"enlace" : null,
		"top_idtops" : 16
	},
	{
		"idpeliculas" : 113,
		"titulo" : "Scary Movie 2",
		"anyo" : 2001,
		"descripcionpersonal" : "La mejor de la saga",
		"enlace" : null,
		"top_idtops" : 16
	},
	{
		"idpeliculas" : 114,
		"titulo" : "American Pie Band Camp",
		"anyo" : 2005,
		"descripcionpersonal" : "La mejor Pelicula de American Pie , muy graciosa",
		"enlace" : null,
		"top_idtops" : 16
	},
	{
		"idpeliculas" : 115,
		"titulo" : "Scary Movie",
		"anyo" : 2000,
		"descripcionpersonal" : "Buenisima",
		"enlace" : null,
		"top_idtops" : 16
	},
	{
		"idpeliculas" : 116,
		"titulo" : "Borat",
		"anyo" : 2006,
		"descripcionpersonal" : "Me partí de risa",
		"enlace" : null,
		"top_idtops" : 25
	},
	{
		"idpeliculas" : 117,
		"titulo" : "La vida de Brian",
		"anyo" : 1979,
		"descripcionpersonal" : "Muy graciosa y original",
		"enlace" : null,
		"top_idtops" : 25
	},
	{
		"idpeliculas" : 118,
		"titulo" : "Scary Movie 2",
		"anyo" : 2001,
		"descripcionpersonal" : "La mejor de la saga",
		"enlace" : null,
		"top_idtops" : 25
	},
	{
		"idpeliculas" : 119,
		"titulo" : "American Pie Band Camp",
		"anyo" : 2005,
		"descripcionpersonal" : "La mejor Pelicula de American Pie , muy graciosa",
		"enlace" : null,
		"top_idtops" : 25
	},
	{
		"idpeliculas" : 120,
		"titulo" : "Scary Movie",
		"anyo" : 2000,
		"descripcionpersonal" : "Buenisima",
		"enlace" : null,
		"top_idtops" : 25
	},
	{
		"idpeliculas" : 121,
		"titulo" : "Borat",
		"anyo" : 2006,
		"descripcionpersonal" : "Me partí de risa",
		"enlace" : null,
		"top_idtops" : 34
	},
	{
		"idpeliculas" : 122,
		"titulo" : "La vida de Brian",
		"anyo" : 1979,
		"descripcionpersonal" : "Muy graciosa y original",
		"enlace" : null,
		"top_idtops" : 34
	},
	{
		"idpeliculas" : 123,
		"titulo" : "Scary Movie 2",
		"anyo" : 2001,
		"descripcionpersonal" : "La mejor de la saga",
		"enlace" : null,
		"top_idtops" : 34
	},
	{
		"idpeliculas" : 124,
		"titulo" : "American Pie Band Camp",
		"anyo" : 2005,
		"descripcionpersonal" : "La mejor Pelicula de American Pie , muy graciosa",
		"enlace" : null,
		"top_idtops" : 34
	},
	{
		"idpeliculas" : 125,
		"titulo" : "Scary Movie",
		"anyo" : 2000,
		"descripcionpersonal" : "Buenisima",
		"enlace" : null,
		"top_idtops" : 34
	},
	{
		"idpeliculas" : 141,
		"titulo" : "El Padrino",
		"anyo" : 1972,
		"descripcionpersonal" : "Una Pelicula que marcó una generación",
		"enlace" : null,
		"top_idtops" : 7
	},
	{
		"idpeliculas" : 142,
		"titulo" : "El Padrino II",
		"anyo" : 1974,
		"descripcionpersonal" : "Despues de su primera parte es la mejor de la historia",
		"enlace" : null,
		"top_idtops" : 7
	},
	{
		"idpeliculas" : 143,
		"titulo" : "La Vida es Bella",
		"anyo" : 1997,
		"descripcionpersonal" : "Una pelicula preciosa",
		"enlace" : null,
		"top_idtops" : 7
	},
	{
		"idpeliculas" : 144,
		"titulo" : "El Pianista",
		"anyo" : 2002,
		"descripcionpersonal" : "Me encantó",
		"enlace" : null,
		"top_idtops" : 7
	},
	{
		"idpeliculas" : 145,
		"titulo" : "Salvar al Soldado Ryan",
		"anyo" : 1998,
		"descripcionpersonal" : "Muy intensa",
		"enlace" : null,
		"top_idtops" : 7
	},
	{
		"idpeliculas" : 146,
		"titulo" : "El Padrino",
		"anyo" : 1972,
		"descripcionpersonal" : "Una Pelicula que marcó una generación",
		"enlace" : null,
		"top_idtops" : 17
	},
	{
		"idpeliculas" : 147,
		"titulo" : "El Padrino II",
		"anyo" : 1974,
		"descripcionpersonal" : "Despues de su primera parte es la mejor de la historia",
		"enlace" : null,
		"top_idtops" : 17
	},
	{
		"idpeliculas" : 148,
		"titulo" : "La Vida es Bella",
		"anyo" : 1997,
		"descripcionpersonal" : "Una pelicula preciosa",
		"enlace" : null,
		"top_idtops" : 17
	},
	{
		"idpeliculas" : 149,
		"titulo" : "El Pianista",
		"anyo" : 2002,
		"descripcionpersonal" : "Me encantó",
		"enlace" : null,
		"top_idtops" : 17
	},
	{
		"idpeliculas" : 150,
		"titulo" : "Salvar al Soldado Ryan",
		"anyo" : 1998,
		"descripcionpersonal" : "Muy intensa",
		"enlace" : null,
		"top_idtops" : 17
	},
	{
		"idpeliculas" : 151,
		"titulo" : "El Padrino",
		"anyo" : 1972,
		"descripcionpersonal" : "Una Pelicula que marcó una generación",
		"enlace" : null,
		"top_idtops" : 26
	},
	{
		"idpeliculas" : 152,
		"titulo" : "El Padrino II",
		"anyo" : 1974,
		"descripcionpersonal" : "Despues de su primera parte es la mejor de la historia",
		"enlace" : null,
		"top_idtops" : 26
	},
	{
		"idpeliculas" : 153,
		"titulo" : "La Vida es Bella",
		"anyo" : 1997,
		"descripcionpersonal" : "Una pelicula preciosa",
		"enlace" : null,
		"top_idtops" : 26
	},
	{
		"idpeliculas" : 154,
		"titulo" : "El Pianista",
		"anyo" : 2002,
		"descripcionpersonal" : "Me encantó",
		"enlace" : null,
		"top_idtops" : 26
	},
	{
		"idpeliculas" : 155,
		"titulo" : "Salvar al Soldado Ryan",
		"anyo" : 1998,
		"descripcionpersonal" : "Muy intensa",
		"enlace" : null,
		"top_idtops" : 26
	},
	{
		"idpeliculas" : 156,
		"titulo" : "El Padrino",
		"anyo" : 1972,
		"descripcionpersonal" : "Una Pelicula que marcó una generación",
		"enlace" : null,
		"top_idtops" : 35
	},
	{
		"idpeliculas" : 157,
		"titulo" : "El Padrino II",
		"anyo" : 1974,
		"descripcionpersonal" : "Despues de su primera parte es la mejor de la historia",
		"enlace" : null,
		"top_idtops" : 35
	},
	{
		"idpeliculas" : 158,
		"titulo" : "La Vida es Bella",
		"anyo" : 1997,
		"descripcionpersonal" : "Una pelicula preciosa",
		"enlace" : null,
		"top_idtops" : 35
	},
	{
		"idpeliculas" : 159,
		"titulo" : "El Pianista",
		"anyo" : 2002,
		"descripcionpersonal" : "Me encantó",
		"enlace" : null,
		"top_idtops" : 35
	},
	{
		"idpeliculas" : 160,
		"titulo" : "Salvar al Soldado Ryan",
		"anyo" : 1998,
		"descripcionpersonal" : "Muy intensa",
		"enlace" : null,
		"top_idtops" : 35
	},
	{
		"idpeliculas" : 176,
		"titulo" : "Expediente Warren",
		"anyo" : 2013,
		"descripcionpersonal" : "No pude apenas acabar de verla",
		"enlace" : null,
		"top_idtops" : 8
	},
	{
		"idpeliculas" : 177,
		"titulo" : "Saw",
		"anyo" : 2004,
		"descripcionpersonal" : "Se mantiene la tension en todo momento",
		"enlace" : null,
		"top_idtops" : 8
	},
	{
		"idpeliculas" : 178,
		"titulo" : "Expediente Warren 2",
		"anyo" : 2016,
		"descripcionpersonal" : "Esta casi al mismo nivel que la primera",
		"enlace" : null,
		"top_idtops" : 8
	},
	{
		"idpeliculas" : 179,
		"titulo" : "El exorcista",
		"anyo" : 1973,
		"descripcionpersonal" : "Un clasico de terror",
		"enlace" : null,
		"top_idtops" : 8
	},
	{
		"idpeliculas" : 180,
		"titulo" : "It",
		"anyo" : 1990,
		"descripcionpersonal" : "La mejor trama ",
		"enlace" : null,
		"top_idtops" : 8
	},
	{
		"idpeliculas" : 181,
		"titulo" : "Expediente Warren",
		"anyo" : 2013,
		"descripcionpersonal" : "No pude apenas acabar de verla",
		"enlace" : null,
		"top_idtops" : 18
	},
	{
		"idpeliculas" : 182,
		"titulo" : "Saw",
		"anyo" : 2004,
		"descripcionpersonal" : "Se mantiene la tension en todo momento",
		"enlace" : null,
		"top_idtops" : 18
	},
	{
		"idpeliculas" : 183,
		"titulo" : "Expediente Warren 2",
		"anyo" : 2016,
		"descripcionpersonal" : "Esta casi al mismo nivel que la primera",
		"enlace" : null,
		"top_idtops" : 18
	},
	{
		"idpeliculas" : 184,
		"titulo" : "El exorcista",
		"anyo" : 1973,
		"descripcionpersonal" : "Un clasico de terror",
		"enlace" : null,
		"top_idtops" : 18
	},
	{
		"idpeliculas" : 185,
		"titulo" : "It",
		"anyo" : 1990,
		"descripcionpersonal" : "La mejor trama ",
		"enlace" : null,
		"top_idtops" : 18
	},
	{
		"idpeliculas" : 186,
		"titulo" : "Expediente Warren",
		"anyo" : 2013,
		"descripcionpersonal" : "No pude apenas acabar de verla",
		"enlace" : null,
		"top_idtops" : 27
	},
	{
		"idpeliculas" : 187,
		"titulo" : "Saw",
		"anyo" : 2004,
		"descripcionpersonal" : "Se mantiene la tension en todo momento",
		"enlace" : null,
		"top_idtops" : 27
	},
	{
		"idpeliculas" : 188,
		"titulo" : "Expediente Warren 2",
		"anyo" : 2016,
		"descripcionpersonal" : "Esta casi al mismo nivel que la primera",
		"enlace" : null,
		"top_idtops" : 27
	},
	{
		"idpeliculas" : 189,
		"titulo" : "El exorcista",
		"anyo" : 1973,
		"descripcionpersonal" : "Un clasico de terror",
		"enlace" : null,
		"top_idtops" : 27
	},
	{
		"idpeliculas" : 190,
		"titulo" : "It",
		"anyo" : 1990,
		"descripcionpersonal" : "La mejor trama ",
		"enlace" : null,
		"top_idtops" : 27
	},
	{
		"idpeliculas" : 191,
		"titulo" : "Expediente Warren",
		"anyo" : 2013,
		"descripcionpersonal" : "No pude apenas acabar de verla",
		"enlace" : null,
		"top_idtops" : 36
	},
	{
		"idpeliculas" : 192,
		"titulo" : "Saw",
		"anyo" : 2004,
		"descripcionpersonal" : "Se mantiene la tension en todo momento",
		"enlace" : null,
		"top_idtops" : 36
	},
	{
		"idpeliculas" : 193,
		"titulo" : "Expediente Warren 2",
		"anyo" : 2016,
		"descripcionpersonal" : "Esta casi al mismo nivel que la primera",
		"enlace" : null,
		"top_idtops" : 36
	},
	{
		"idpeliculas" : 194,
		"titulo" : "El exorcista",
		"anyo" : 1973,
		"descripcionpersonal" : "Un clasico de terror",
		"enlace" : null,
		"top_idtops" : 36
	},
	{
		"idpeliculas" : 195,
		"titulo" : "It",
		"anyo" : 1990,
		"descripcionpersonal" : "La mejor trama ",
		"enlace" : null,
		"top_idtops" : 36
	},
	{
		"idpeliculas" : 211,
		"titulo" : "El Planeta de los Simios",
		"anyo" : 1968,
		"descripcionpersonal" : "Muy interesante e innovadora para la época",
		"enlace" : null,
		"top_idtops" : 2
	},
	{
		"idpeliculas" : 212,
		"titulo" : "Star Wars",
		"anyo" : 1977,
		"descripcionpersonal" : "Un clasico de Ciencia Ficción",
		"enlace" : null,
		"top_idtops" : 2
	},
	{
		"idpeliculas" : 213,
		"titulo" : "Matrix",
		"anyo" : 1999,
		"descripcionpersonal" : "Me marco la trama",
		"enlace" : null,
		"top_idtops" : 2
	},
	{
		"idpeliculas" : 214,
		"titulo" : "Alien",
		"anyo" : 1979,
		"descripcionpersonal" : "Espectacular",
		"enlace" : null,
		"top_idtops" : 2
	},
	{
		"idpeliculas" : 215,
		"titulo" : "Matrix II",
		"anyo" : 2003,
		"descripcionpersonal" : "Se merece el Top 5 de este Top",
		"enlace" : null,
		"top_idtops" : 2
	},
	{
		"idpeliculas" : 216,
		"titulo" : "El Planeta de los Simios",
		"anyo" : 1968,
		"descripcionpersonal" : "Muy interesante e innovadora para la época",
		"enlace" : null,
		"top_idtops" : 9
	},
	{
		"idpeliculas" : 217,
		"titulo" : "Star Wars",
		"anyo" : 1977,
		"descripcionpersonal" : "Un clasico de Ciencia Ficción",
		"enlace" : null,
		"top_idtops" : 9
	},
	{
		"idpeliculas" : 218,
		"titulo" : "Matrix",
		"anyo" : 1999,
		"descripcionpersonal" : "Me marco la trama",
		"enlace" : null,
		"top_idtops" : 9
	},
	{
		"idpeliculas" : 219,
		"titulo" : "Alien",
		"anyo" : 1979,
		"descripcionpersonal" : "Espectacular",
		"enlace" : null,
		"top_idtops" : 9
	},
	{
		"idpeliculas" : 220,
		"titulo" : "Matrix II",
		"anyo" : 2003,
		"descripcionpersonal" : "Se merece el Top 5 de este Top",
		"enlace" : null,
		"top_idtops" : 9
	},
	{
		"idpeliculas" : 221,
		"titulo" : "El Planeta de los Simios",
		"anyo" : 1968,
		"descripcionpersonal" : "Muy interesante e innovadora para la época",
		"enlace" : null,
		"top_idtops" : 19
	},
	{
		"idpeliculas" : 222,
		"titulo" : "Star Wars",
		"anyo" : 1977,
		"descripcionpersonal" : "Un clasico de Ciencia Ficción",
		"enlace" : null,
		"top_idtops" : 19
	},
	{
		"idpeliculas" : 223,
		"titulo" : "Matrix",
		"anyo" : 1999,
		"descripcionpersonal" : "Me marco la trama",
		"enlace" : null,
		"top_idtops" : 19
	},
	{
		"idpeliculas" : 224,
		"titulo" : "Alien",
		"anyo" : 1979,
		"descripcionpersonal" : "Espectacular",
		"enlace" : null,
		"top_idtops" : 19
	},
	{
		"idpeliculas" : 225,
		"titulo" : "Matrix II",
		"anyo" : 2003,
		"descripcionpersonal" : "Se merece el Top 5 de este Top",
		"enlace" : null,
		"top_idtops" : 19
	},
	{
		"idpeliculas" : 226,
		"titulo" : "El Planeta de los Simios",
		"anyo" : 1968,
		"descripcionpersonal" : "Muy interesante e innovadora para la época",
		"enlace" : null,
		"top_idtops" : 28
	},
	{
		"idpeliculas" : 227,
		"titulo" : "Star Wars",
		"anyo" : 1977,
		"descripcionpersonal" : "Un clasico de Ciencia Ficción",
		"enlace" : null,
		"top_idtops" : 28
	},
	{
		"idpeliculas" : 228,
		"titulo" : "Matrix",
		"anyo" : 1999,
		"descripcionpersonal" : "Me marco la trama",
		"enlace" : null,
		"top_idtops" : 28
	},
	{
		"idpeliculas" : 229,
		"titulo" : "Alien",
		"anyo" : 1979,
		"descripcionpersonal" : "Espectacular",
		"enlace" : null,
		"top_idtops" : 28
	},
	{
		"idpeliculas" : 230,
		"titulo" : "Matrix II",
		"anyo" : 2003,
		"descripcionpersonal" : "Se merece el Top 5 de este Top",
		"enlace" : null,
		"top_idtops" : 28
	},
	{
		"idpeliculas" : 246,
		"titulo" : "El Mago de Oz",
		"anyo" : 1939,
		"descripcionpersonal" : "Un clasico de los musicales",
		"enlace" : null,
		"top_idtops" : 10
	},
	{
		"idpeliculas" : 247,
		"titulo" : "Sonrisas y Lagrimas",
		"anyo" : 1965,
		"descripcionpersonal" : "Muy Bonita",
		"enlace" : null,
		"top_idtops" : 10
	},
	{
		"idpeliculas" : 248,
		"titulo" : "West Side Story",
		"anyo" : 1961,
		"descripcionpersonal" : "Me encanto la trama",
		"enlace" : null,
		"top_idtops" : 10
	},
	{
		"idpeliculas" : 249,
		"titulo" : "La ciudad de las Estrellas",
		"anyo" : 2016,
		"descripcionpersonal" : "Espectacular Montaje",
		"enlace" : null,
		"top_idtops" : 10
	},
	{
		"idpeliculas" : 250,
		"titulo" : "El violinista en el tejado",
		"anyo" : 1971,
		"descripcionpersonal" : "Preciosa",
		"enlace" : null,
		"top_idtops" : 10
	},
	{
		"idpeliculas" : 251,
		"titulo" : "El Mago de Oz",
		"anyo" : 1939,
		"descripcionpersonal" : "Un clasico de los musicales",
		"enlace" : null,
		"top_idtops" : 20
	},
	{
		"idpeliculas" : 252,
		"titulo" : "Sonrisas y Lagrimas",
		"anyo" : 1965,
		"descripcionpersonal" : "Muy Bonita",
		"enlace" : null,
		"top_idtops" : 20
	},
	{
		"idpeliculas" : 253,
		"titulo" : "West Side Story",
		"anyo" : 1961,
		"descripcionpersonal" : "Me encanto la trama",
		"enlace" : null,
		"top_idtops" : 20
	},
	{
		"idpeliculas" : 254,
		"titulo" : "La ciudad de las Estrellas",
		"anyo" : 2016,
		"descripcionpersonal" : "Espectacular Montaje",
		"enlace" : null,
		"top_idtops" : 20
	},
	{
		"idpeliculas" : 255,
		"titulo" : "El violinista en el tejado",
		"anyo" : 1971,
		"descripcionpersonal" : "Preciosa",
		"enlace" : null,
		"top_idtops" : 20
	},
	{
		"idpeliculas" : 256,
		"titulo" : "El Mago de Oz",
		"anyo" : 1939,
		"descripcionpersonal" : "Un clasico de los musicales",
		"enlace" : null,
		"top_idtops" : 29
	},
	{
		"idpeliculas" : 257,
		"titulo" : "Sonrisas y Lagrimas",
		"anyo" : 1965,
		"descripcionpersonal" : "Muy Bonita",
		"enlace" : null,
		"top_idtops" : 29
	},
	{
		"idpeliculas" : 258,
		"titulo" : "West Side Story",
		"anyo" : 1961,
		"descripcionpersonal" : "Me encanto la trama",
		"enlace" : null,
		"top_idtops" : 29
	},
	{
		"idpeliculas" : 259,
		"titulo" : "La ciudad de las Estrellas",
		"anyo" : 2016,
		"descripcionpersonal" : "Espectacular Montaje",
		"enlace" : null,
		"top_idtops" : 29
	},
	{
		"idpeliculas" : 260,
		"titulo" : "El violinista en el tejado",
		"anyo" : 1971,
		"descripcionpersonal" : "Preciosa",
		"enlace" : null,
		"top_idtops" : 29
	},
	{
		"idpeliculas" : 261,
		"titulo" : "El Mago de Oz",
		"anyo" : 1939,
		"descripcionpersonal" : "Un clasico de los musicales",
		"enlace" : null,
		"top_idtops" : 38
	},
	{
		"idpeliculas" : 262,
		"titulo" : "Sonrisas y Lagrimas",
		"anyo" : 1965,
		"descripcionpersonal" : "Muy Bonita",
		"enlace" : null,
		"top_idtops" : 38
	},
	{
		"idpeliculas" : 263,
		"titulo" : "West Side Story",
		"anyo" : 1961,
		"descripcionpersonal" : "Me encanto la trama",
		"enlace" : null,
		"top_idtops" : 38
	},
	{
		"idpeliculas" : 264,
		"titulo" : "La ciudad de las Estrellas",
		"anyo" : 2016,
		"descripcionpersonal" : "Espectacular Montaje",
		"enlace" : null,
		"top_idtops" : 38
	},
	{
		"idpeliculas" : 265,
		"titulo" : "El violinista en el tejado",
		"anyo" : 1971,
		"descripcionpersonal" : "Preciosa",
		"enlace" : null,
		"top_idtops" : 38
	},
	{
		"idpeliculas" : 276,
		"titulo" : "Psicosis",
		"anyo" : 1960,
		"descripcionpersonal" : "Un clasico de Suspense",
		"enlace" : null,
		"top_idtops" : 11
	},
	{
		"idpeliculas" : 277,
		"titulo" : "El silencio de los corderos",
		"anyo" : 1991,
		"descripcionpersonal" : "Es indiscutible en este Top",
		"enlace" : null,
		"top_idtops" : 11
	},
	{
		"idpeliculas" : 278,
		"titulo" : "Taxi Driver",
		"anyo" : 1976,
		"descripcionpersonal" : "Robert de Niro lo interpreto de lujo",
		"enlace" : null,
		"top_idtops" : 11
	},
	{
		"idpeliculas" : 279,
		"titulo" : "Instinto Básico",
		"anyo" : 1992,
		"descripcionpersonal" : "Otro clásico de suspense",
		"enlace" : null,
		"top_idtops" : 11
	},
	{
		"idpeliculas" : 280,
		"titulo" : "Atracción Fatal",
		"anyo" : 1987,
		"descripcionpersonal" : "Me encanto la trama",
		"enlace" : null,
		"top_idtops" : 11
	},
	{
		"idpeliculas" : 281,
		"titulo" : "Psicosis",
		"anyo" : 1960,
		"descripcionpersonal" : "Un clasico de Suspense",
		"enlace" : null,
		"top_idtops" : 21
	},
	{
		"idpeliculas" : 282,
		"titulo" : "El silencio de los corderos",
		"anyo" : 1991,
		"descripcionpersonal" : "Es indiscutible en este Top",
		"enlace" : null,
		"top_idtops" : 21
	},
	{
		"idpeliculas" : 283,
		"titulo" : "Taxi Driver",
		"anyo" : 1976,
		"descripcionpersonal" : "Robert de Niro lo interpreto de lujo",
		"enlace" : null,
		"top_idtops" : 21
	},
	{
		"idpeliculas" : 284,
		"titulo" : "Instinto Básico",
		"anyo" : 1992,
		"descripcionpersonal" : "Otro clásico de suspense",
		"enlace" : null,
		"top_idtops" : 21
	},
	{
		"idpeliculas" : 285,
		"titulo" : "Atracción Fatal",
		"anyo" : 1987,
		"descripcionpersonal" : "Me encanto la trama",
		"enlace" : null,
		"top_idtops" : 21
	},
	{
		"idpeliculas" : 286,
		"titulo" : "Psicosis",
		"anyo" : 1960,
		"descripcionpersonal" : "Un clasico de Suspense",
		"enlace" : null,
		"top_idtops" : 30
	},
	{
		"idpeliculas" : 287,
		"titulo" : "El silencio de los corderos",
		"anyo" : 1991,
		"descripcionpersonal" : "Es indiscutible en este Top",
		"enlace" : null,
		"top_idtops" : 30
	},
	{
		"idpeliculas" : 288,
		"titulo" : "Taxi Driver",
		"anyo" : 1976,
		"descripcionpersonal" : "Robert de Niro lo interpreto de lujo",
		"enlace" : null,
		"top_idtops" : 30
	},
	{
		"idpeliculas" : 289,
		"titulo" : "Instinto Básico",
		"anyo" : 1992,
		"descripcionpersonal" : "Otro clásico de suspense",
		"enlace" : null,
		"top_idtops" : 30
	},
	{
		"idpeliculas" : 290,
		"titulo" : "Atracción Fatal",
		"anyo" : 1987,
		"descripcionpersonal" : "Me encanto la trama",
		"enlace" : null,
		"top_idtops" : 30
	},
	{
		"idpeliculas" : 291,
		"titulo" : "Psicosis",
		"anyo" : 1960,
		"descripcionpersonal" : "Un clasico de Suspense",
		"enlace" : null,
		"top_idtops" : 39
	},
	{
		"idpeliculas" : 292,
		"titulo" : "El silencio de los corderos",
		"anyo" : 1991,
		"descripcionpersonal" : "Es indiscutible en este Top",
		"enlace" : null,
		"top_idtops" : 39
	},
	{
		"idpeliculas" : 293,
		"titulo" : "Taxi Driver",
		"anyo" : 1976,
		"descripcionpersonal" : "Robert de Niro lo interpreto de lujo",
		"enlace" : null,
		"top_idtops" : 39
	},
	{
		"idpeliculas" : 294,
		"titulo" : "Instinto Básico",
		"anyo" : 1992,
		"descripcionpersonal" : "Otro clásico de suspense",
		"enlace" : null,
		"top_idtops" : 39
	},
	{
		"idpeliculas" : 295,
		"titulo" : "Atracción Fatal",
		"anyo" : 1987,
		"descripcionpersonal" : "Me encanto la trama",
		"enlace" : null,
		"top_idtops" : 39
	}
]
