[
	{
		"idtops" : 1,
		"nombre" : "TopAcción",
		"generoid" : 1,
		"usuario_iduser" : 2,
		"userid" : null
	},
	{
		"idtops" : 2,
		"nombre" : "TopCienciaFicción",
		"generoid" : 7,
		"usuario_iduser" : 3,
		"userid" : null
	},
	{
		"idtops" : 3,
		"nombre" : "TopRománticas",
		"generoid" : 3,
		"usuario_iduser" : 4,
		"userid" : null
	},
	{
		"idtops" : 4,
		"nombre" : "TopAventuras",
		"generoid" : 2,
		"usuario_iduser" : 5,
		"userid" : null
	},
	{
		"idtops" : 5,
		"nombre" : "TopRomanticas",
		"generoid" : 3,
		"usuario_iduser" : 6,
		"userid" : null
	},
	{
		"idtops" : 6,
		"nombre" : "TopComedia",
		"generoid" : 4,
		"usuario_iduser" : 7,
		"userid" : null
	},
	{
		"idtops" : 7,
		"nombre" : "TopDrama",
		"generoid" : 5,
		"usuario_iduser" : 8,
		"userid" : null
	},
	{
		"idtops" : 8,
		"nombre" : "TopTerror",
		"generoid" : 6,
		"usuario_iduser" : 9,
		"userid" : null
	},
	{
		"idtops" : 9,
		"nombre" : "TopCienciaFicción",
		"generoid" : 7,
		"usuario_iduser" : 10,
		"userid" : null
	},
	{
		"idtops" : 10,
		"nombre" : "TopMusical",
		"generoid" : 8,
		"usuario_iduser" : 11,
		"userid" : null
	},
	{
		"idtops" : 11,
		"nombre" : "TopSuspense",
		"generoid" : 9,
		"usuario_iduser" : 12,
		"userid" : null
	},
	{
		"idtops" : 12,
		"nombre" : "TopAcción",
		"generoid" : 1,
		"usuario_iduser" : 13,
		"userid" : null
	},
	{
		"idtops" : 13,
		"nombre" : "TopAcción",
		"generoid" : 1,
		"usuario_iduser" : 14,
		"userid" : null
	},
	{
		"idtops" : 14,
		"nombre" : "TopAventuras",
		"generoid" : 2,
		"usuario_iduser" : 15,
		"userid" : null
	},
	{
		"idtops" : 15,
		"nombre" : "TopRománticas",
		"generoid" : 3,
		"usuario_iduser" : 16,
		"userid" : null
	},
	{
		"idtops" : 16,
		"nombre" : "TopComedia",
		"generoid" : 4,
		"usuario_iduser" : 17,
		"userid" : null
	},
	{
		"idtops" : 17,
		"nombre" : "TopDrama",
		"generoid" : 5,
		"usuario_iduser" : 2,
		"userid" : null
	},
	{
		"idtops" : 18,
		"nombre" : "TopTerror",
		"generoid" : 6,
		"usuario_iduser" : 3,
		"userid" : null
	},
	{
		"idtops" : 19,
		"nombre" : "TopCienciaFicción",
		"generoid" : 7,
		"usuario_iduser" : 4,
		"userid" : null
	},
	{
		"idtops" : 20,
		"nombre" : "TopMusical",
		"generoid" : 8,
		"usuario_iduser" : 5,
		"userid" : null
	},
	{
		"idtops" : 21,
		"nombre" : "TopSuspense",
		"generoid" : 9,
		"usuario_iduser" : 6,
		"userid" : null
	},
	{
		"idtops" : 22,
		"nombre" : "TopAcción",
		"generoid" : 1,
		"usuario_iduser" : 7,
		"userid" : null
	},
	{
		"idtops" : 23,
		"nombre" : "TopAventuras",
		"generoid" : 2,
		"usuario_iduser" : 8,
		"userid" : null
	},
	{
		"idtops" : 24,
		"nombre" : "TopRománticas",
		"generoid" : 3,
		"usuario_iduser" : 9,
		"userid" : null
	},
	{
		"idtops" : 25,
		"nombre" : "TopComedia",
		"generoid" : 4,
		"usuario_iduser" : 10,
		"userid" : null
	},
	{
		"idtops" : 26,
		"nombre" : "TopDrama",
		"generoid" : 5,
		"usuario_iduser" : 11,
		"userid" : null
	},
	{
		"idtops" : 27,
		"nombre" : "TopTerror",
		"generoid" : 6,
		"usuario_iduser" : 12,
		"userid" : null
	},
	{
		"idtops" : 28,
		"nombre" : "TopCienciaFicción",
		"generoid" : 7,
		"usuario_iduser" : 13,
		"userid" : null
	},
	{
		"idtops" : 29,
		"nombre" : "TopMusical",
		"generoid" : 8,
		"usuario_iduser" : 14,
		"userid" : null
	},
	{
		"idtops" : 30,
		"nombre" : "TopSuspense",
		"generoid" : 9,
		"usuario_iduser" : 15,
		"userid" : null
	},
	{
		"idtops" : 31,
		"nombre" : "TopAcción",
		"generoid" : 1,
		"usuario_iduser" : 16,
		"userid" : null
	},
	{
		"idtops" : 32,
		"nombre" : "TopAventuras",
		"generoid" : 2,
		"usuario_iduser" : 17,
		"userid" : null
	},
	{
		"idtops" : 33,
		"nombre" : "TopRománticas",
		"generoid" : 3,
		"usuario_iduser" : 2,
		"userid" : null
	},
	{
		"idtops" : 34,
		"nombre" : "TopComedia",
		"generoid" : 4,
		"usuario_iduser" : 3,
		"userid" : null
	},
	{
		"idtops" : 35,
		"nombre" : "TopDrama",
		"generoid" : 5,
		"usuario_iduser" : 4,
		"userid" : null
	},
	{
		"idtops" : 36,
		"nombre" : "TopTerror",
		"generoid" : 6,
		"usuario_iduser" : 5,
		"userid" : null
	},
	{
		"idtops" : 38,
		"nombre" : "TopMusical",
		"generoid" : 8,
		"usuario_iduser" : 7,
		"userid" : null
	},
	{
		"idtops" : 39,
		"nombre" : "TopSuspense",
		"generoid" : 9,
		"usuario_iduser" : 8,
		"userid" : null
	},
	{
		"idtops" : 40,
		"nombre" : "TopAcción",
		"generoid" : 1,
		"usuario_iduser" : 9,
		"userid" : null
	}
]
