[
	{
		"idseguimiento" : 44,
		"user_idfollower" : 1,
		"usuario_iduser" : 2
	},
	{
		"idseguimiento" : 50,
		"user_idfollower" : 2,
		"usuario_iduser" : 11
	},
	{
		"idseguimiento" : 51,
		"user_idfollower" : 2,
		"usuario_iduser" : 16
	},
	{
		"idseguimiento" : 52,
		"user_idfollower" : 2,
		"usuario_iduser" : 10
	},
	{
		"idseguimiento" : 53,
		"user_idfollower" : 3,
		"usuario_iduser" : 4
	},
	{
		"idseguimiento" : 54,
		"user_idfollower" : 3,
		"usuario_iduser" : 6
	},
	{
		"idseguimiento" : 55,
		"user_idfollower" : 3,
		"usuario_iduser" : 8
	},
	{
		"idseguimiento" : 56,
		"user_idfollower" : 3,
		"usuario_iduser" : 13
	},
	{
		"idseguimiento" : 57,
		"user_idfollower" : 3,
		"usuario_iduser" : 15
	},
	{
		"idseguimiento" : 58,
		"user_idfollower" : 3,
		"usuario_iduser" : 12
	},
	{
		"idseguimiento" : 59,
		"user_idfollower" : 4,
		"usuario_iduser" : 2
	},
	{
		"idseguimiento" : 60,
		"user_idfollower" : 4,
		"usuario_iduser" : 7
	},
	{
		"idseguimiento" : 61,
		"user_idfollower" : 4,
		"usuario_iduser" : 11
	},
	{
		"idseguimiento" : 62,
		"user_idfollower" : 4,
		"usuario_iduser" : 12
	},
	{
		"idseguimiento" : 63,
		"user_idfollower" : 4,
		"usuario_iduser" : 14
	},
	{
		"idseguimiento" : 64,
		"user_idfollower" : 4,
		"usuario_iduser" : 16
	},
	{
		"idseguimiento" : 65,
		"user_idfollower" : 5,
		"usuario_iduser" : 3
	},
	{
		"idseguimiento" : 66,
		"user_idfollower" : 5,
		"usuario_iduser" : 8
	},
	{
		"idseguimiento" : 67,
		"user_idfollower" : 5,
		"usuario_iduser" : 9
	},
	{
		"idseguimiento" : 68,
		"user_idfollower" : 5,
		"usuario_iduser" : 11
	},
	{
		"idseguimiento" : 69,
		"user_idfollower" : 5,
		"usuario_iduser" : 4
	},
	{
		"idseguimiento" : 70,
		"user_idfollower" : 5,
		"usuario_iduser" : 14
	},
	{
		"idseguimiento" : 71,
		"user_idfollower" : 6,
		"usuario_iduser" : 3
	},
	{
		"idseguimiento" : 72,
		"user_idfollower" : 6,
		"usuario_iduser" : 7
	},
	{
		"idseguimiento" : 73,
		"user_idfollower" : 6,
		"usuario_iduser" : 10
	},
	{
		"idseguimiento" : 74,
		"user_idfollower" : 6,
		"usuario_iduser" : 9
	},
	{
		"idseguimiento" : 75,
		"user_idfollower" : 6,
		"usuario_iduser" : 8
	},
	{
		"idseguimiento" : 76,
		"user_idfollower" : 6,
		"usuario_iduser" : 5
	},
	{
		"idseguimiento" : 77,
		"user_idfollower" : 7,
		"usuario_iduser" : 3
	},
	{
		"idseguimiento" : 78,
		"user_idfollower" : 7,
		"usuario_iduser" : 11
	},
	{
		"idseguimiento" : 79,
		"user_idfollower" : 7,
		"usuario_iduser" : 5
	},
	{
		"idseguimiento" : 80,
		"user_idfollower" : 7,
		"usuario_iduser" : 10
	},
	{
		"idseguimiento" : 81,
		"user_idfollower" : 7,
		"usuario_iduser" : 8
	},
	{
		"idseguimiento" : 82,
		"user_idfollower" : 7,
		"usuario_iduser" : 17
	},
	{
		"idseguimiento" : 83,
		"user_idfollower" : 8,
		"usuario_iduser" : 2
	},
	{
		"idseguimiento" : 84,
		"user_idfollower" : 8,
		"usuario_iduser" : 2
	},
	{
		"idseguimiento" : 85,
		"user_idfollower" : 8,
		"usuario_iduser" : 3
	},
	{
		"idseguimiento" : 86,
		"user_idfollower" : 8,
		"usuario_iduser" : 4
	},
	{
		"idseguimiento" : 87,
		"user_idfollower" : 8,
		"usuario_iduser" : 5
	},
	{
		"idseguimiento" : 88,
		"user_idfollower" : 8,
		"usuario_iduser" : 6
	},
	{
		"idseguimiento" : 89,
		"user_idfollower" : 9,
		"usuario_iduser" : 7
	},
	{
		"idseguimiento" : 90,
		"user_idfollower" : 9,
		"usuario_iduser" : 8
	},
	{
		"idseguimiento" : 91,
		"user_idfollower" : 9,
		"usuario_iduser" : 9
	},
	{
		"idseguimiento" : 92,
		"user_idfollower" : 9,
		"usuario_iduser" : 10
	},
	{
		"idseguimiento" : 93,
		"user_idfollower" : 9,
		"usuario_iduser" : 11
	},
	{
		"idseguimiento" : 94,
		"user_idfollower" : 9,
		"usuario_iduser" : 12
	},
	{
		"idseguimiento" : 95,
		"user_idfollower" : 10,
		"usuario_iduser" : 13
	},
	{
		"idseguimiento" : 96,
		"user_idfollower" : 10,
		"usuario_iduser" : 14
	},
	{
		"idseguimiento" : 97,
		"user_idfollower" : 10,
		"usuario_iduser" : 15
	},
	{
		"idseguimiento" : 98,
		"user_idfollower" : 10,
		"usuario_iduser" : 16
	},
	{
		"idseguimiento" : 99,
		"user_idfollower" : 10,
		"usuario_iduser" : 17
	},
	{
		"idseguimiento" : 100,
		"user_idfollower" : 10,
		"usuario_iduser" : 17
	},
	{
		"idseguimiento" : 101,
		"user_idfollower" : 11,
		"usuario_iduser" : 16
	},
	{
		"idseguimiento" : 102,
		"user_idfollower" : 11,
		"usuario_iduser" : 15
	},
	{
		"idseguimiento" : 103,
		"user_idfollower" : 11,
		"usuario_iduser" : 14
	},
	{
		"idseguimiento" : 104,
		"user_idfollower" : 11,
		"usuario_iduser" : 13
	},
	{
		"idseguimiento" : 105,
		"user_idfollower" : 11,
		"usuario_iduser" : 12
	},
	{
		"idseguimiento" : 106,
		"user_idfollower" : 11,
		"usuario_iduser" : 10
	},
	{
		"idseguimiento" : 107,
		"user_idfollower" : 12,
		"usuario_iduser" : 9
	},
	{
		"idseguimiento" : 108,
		"user_idfollower" : 12,
		"usuario_iduser" : 8
	},
	{
		"idseguimiento" : 109,
		"user_idfollower" : 12,
		"usuario_iduser" : 7
	},
	{
		"idseguimiento" : 110,
		"user_idfollower" : 12,
		"usuario_iduser" : 6
	},
	{
		"idseguimiento" : 111,
		"user_idfollower" : 12,
		"usuario_iduser" : 5
	},
	{
		"idseguimiento" : 112,
		"user_idfollower" : 12,
		"usuario_iduser" : 4
	},
	{
		"idseguimiento" : 113,
		"user_idfollower" : 13,
		"usuario_iduser" : 3
	},
	{
		"idseguimiento" : 114,
		"user_idfollower" : 13,
		"usuario_iduser" : 2
	},
	{
		"idseguimiento" : 115,
		"user_idfollower" : 13,
		"usuario_iduser" : 2
	},
	{
		"idseguimiento" : 116,
		"user_idfollower" : 13,
		"usuario_iduser" : 2
	},
	{
		"idseguimiento" : 117,
		"user_idfollower" : 13,
		"usuario_iduser" : 2
	},
	{
		"idseguimiento" : 118,
		"user_idfollower" : 13,
		"usuario_iduser" : 3
	},
	{
		"idseguimiento" : 119,
		"user_idfollower" : 14,
		"usuario_iduser" : 4
	},
	{
		"idseguimiento" : 120,
		"user_idfollower" : 14,
		"usuario_iduser" : 5
	},
	{
		"idseguimiento" : 121,
		"user_idfollower" : 14,
		"usuario_iduser" : 6
	},
	{
		"idseguimiento" : 122,
		"user_idfollower" : 14,
		"usuario_iduser" : 7
	},
	{
		"idseguimiento" : 123,
		"user_idfollower" : 14,
		"usuario_iduser" : 8
	},
	{
		"idseguimiento" : 124,
		"user_idfollower" : 14,
		"usuario_iduser" : 9
	},
	{
		"idseguimiento" : 125,
		"user_idfollower" : 15,
		"usuario_iduser" : 10
	},
	{
		"idseguimiento" : 126,
		"user_idfollower" : 15,
		"usuario_iduser" : 11
	},
	{
		"idseguimiento" : 127,
		"user_idfollower" : 15,
		"usuario_iduser" : 12
	},
	{
		"idseguimiento" : 128,
		"user_idfollower" : 15,
		"usuario_iduser" : 13
	},
	{
		"idseguimiento" : 129,
		"user_idfollower" : 15,
		"usuario_iduser" : 14
	},
	{
		"idseguimiento" : 130,
		"user_idfollower" : 15,
		"usuario_iduser" : 16
	},
	{
		"idseguimiento" : 131,
		"user_idfollower" : 16,
		"usuario_iduser" : 17
	},
	{
		"idseguimiento" : 132,
		"user_idfollower" : 16,
		"usuario_iduser" : 17
	},
	{
		"idseguimiento" : 133,
		"user_idfollower" : 16,
		"usuario_iduser" : 15
	},
	{
		"idseguimiento" : 134,
		"user_idfollower" : 16,
		"usuario_iduser" : 14
	},
	{
		"idseguimiento" : 135,
		"user_idfollower" : 16,
		"usuario_iduser" : 13
	},
	{
		"idseguimiento" : 136,
		"user_idfollower" : 16,
		"usuario_iduser" : 12
	},
	{
		"idseguimiento" : 137,
		"user_idfollower" : 17,
		"usuario_iduser" : 11
	},
	{
		"idseguimiento" : 138,
		"user_idfollower" : 17,
		"usuario_iduser" : 10
	},
	{
		"idseguimiento" : 139,
		"user_idfollower" : 17,
		"usuario_iduser" : 9
	},
	{
		"idseguimiento" : 140,
		"user_idfollower" : 17,
		"usuario_iduser" : 8
	},
	{
		"idseguimiento" : 141,
		"user_idfollower" : 17,
		"usuario_iduser" : 7
	},
	{
		"idseguimiento" : 142,
		"user_idfollower" : 17,
		"usuario_iduser" : 6
	},
	{
		"idseguimiento" : 143,
		"user_idfollower" : 13,
		"usuario_iduser" : 5
	},
	{
		"idseguimiento" : 153,
		"user_idfollower" : 2,
		"usuario_iduser" : 12
	},
	{
		"idseguimiento" : 154,
		"user_idfollower" : 2,
		"usuario_iduser" : 3
	},
	{
		"idseguimiento" : 155,
		"user_idfollower" : 2,
		"usuario_iduser" : 8
	}
]
